{"cameraMode":{"drawMode":0,"name":"Shaded","section":"Shading Mode"},"sceneLighting":true,"audioPlay":false,"sceneViewState":{"m_AlwaysRefresh":false,"showFog":true,"showSkybox":true,"showFlares":true,"showImageEffects":true,"showParticleSystems":true,"showVisualEffectGraphs":true,"m_FxEnabled":true},"in2DMode":false,"pivot":{"x":2.3052549362182619,"y":3.579179525375366,"z":2.683401584625244},"rotation":{"x":0.20750302076339723,"y":-0.09375032037496567,"z":0.019972676411271097,"w":0.9735370874404907},"size":15.822096824645996,"orthographic":true}